date,timestamp,symbol,address,supply APR,borrow APR,supplied,borrowed,liquidityIndex,variableBorrowIndex,price
2025-09-21T00:00:00.000Z,1758412800,USDC,0x833589fCD6eDb6E08f4c7C32D4f71b54bdA02913,6.118856053562791,7.801689315496104,321250114.620126,279955090.380704,1.106178527916642029723805166,1.144920405817738963798050595,0.99972933
2025-09-20T00:00:00.000Z,1758326400,USDC,0x833589fCD6eDb6E08f4c7C32D4f71b54bdA02913,5.843749906751853,7.646727403971999,323380260.726957,274595081.86276,1.105996792176235697275926888,1.144677824493206497183400789,0.99974
2025-09-19T00:00:00.000Z,1758240000,USDC,0x833589fCD6eDb6E08f4c7C32D4f71b54bdA02913,5.846174508171202,7.648108621588778,321829172.358175,273342117.786223,1.105820847584974579733983844,1.144438730743143276754561963,0.99973015
2025-09-18T00:00:00.000Z,1758153600,USDC,0x833589fCD6eDb6E08f4c7C32D4f71b54bdA02913,5.659432616970069,7.540890083676374,322135530.316902,268628680.489884,1.105646063404383335527807668,1.144200310347136349614248919,0.99981247
2025-09-17T00:00:00.000Z,1758067200,USDC,0x833589fCD6eDb6E08f4c7C32D4f71b54bdA02913,5.718947645668502,7.575247127888907,320259900.194027,268648775.977023,1.105474708254897737891090852,1.143963989168148944939133187,0.99985218
2025-09-16T00:00:00.000Z,1757980800,USDC,0x833589fCD6eDb6E08f4c7C32D4f71b54bdA02913,5.02308340472891,7.1618106590375055,317081256.73976,247104514.690709,1.105310508738433000356056065,1.143732123650283041635079938,0.99979985
2025-09-15T00:00:00.000Z,1757894400,USDC,0x833589fCD6eDb6E08f4c7C32D4f71b54bdA02913,4.927668370316462,7.102982101173148,319143301.182615,246007789.179375,1.105160439836762683859648279,1.143509040135755949326542995,0.9997983
2025-09-14T00:00:00.000Z,1757808000,USDC,0x833589fCD6eDb6E08f4c7C32D4f71b54bdA02913,4.930688060010997,7.104852418809493,316427146.983204,243999315.892615,1.105011316626100304022104045,1.143286465416752500663239582,0.99978055
2025-09-13T00:00:00.000Z,1757721600,USDC,0x833589fCD6eDb6E08f4c7C32D4f71b54bdA02913,4.957189179102279,7.121242482127085,314476436.128322,243237539.060069,1.104862965044013972479117311,1.143064624602581589751607472,0.99976
2025-09-12T00:00:00.000Z,1757635200,USDC,0x833589fCD6eDb6E08f4c7C32D4f71b54bdA02913,5.046818441042024,7.176359305982199,307791762.36747,240510427.638642,1.104711759554248867470156344,1.142840907121636536979982115,0.9998615
2025-09-11T00:00:00.000Z,1757548800,USDC,0x833589fCD6eDb6E08f4c7C32D4f71b54bdA02913,4.805031646632515,7.026543708550173,314575230.839036,239024028.407567,1.10456329433902535337091909,1.142618961834684925832526866,0.99988631
2025-09-10T00:00:00.000Z,1757462400,USDC,0x833589fCD6eDb6E08f4c7C32D4f71b54bdA02913,5.146029757513112,7.236811741548271,304623236.809608,240686011.88696,1.104414904945314914415625846,1.142397090037292046356056614,0.99981794
2025-09-09T00:00:00.000Z,1757376000,USDC,0x833589fCD6eDb6E08f4c7C32D4f71b54bdA02913,5.447830656905557,7.417274805226555,296024217.225836,241584984.848174,1.104255164557367136340834604,1.142168110573956637620828388,0.99987722
2025-09-08T00:00:00.000Z,1757289600,USDC,0x833589fCD6eDb6E08f4c7C32D4f71b54bdA02913,5.0092446707093545,7.15331251755351,302911825.818017,235691480.261125,1.104098533042364216318320031,1.141941091090038319493286145,0.99987424
2025-09-07T00:00:00.000Z,1757203200,USDC,0x833589fCD6eDb6E08f4c7C32D4f71b54bdA02913,5.105660994515969,7.2122834270701155,304660899.136552,239639568.086998,1.103947128016656523772787019,1.141717381011017008788146989,0.99988
2025-09-06T00:00:00.000Z,1757116800,USDC,0x833589fCD6eDb6E08f4c7C32D4f71b54bdA02913,5.327571167986988,7.34596834231466,302637740.563027,243874493.583685,1.103790186112462960072401114,1.14149022141236694454871316,0.99984119
2025-09-05T00:00:00.000Z,1757030400,USDC,0x833589fCD6eDb6E08f4c7C32D4f71b54bdA02913,5.341834860964196,7.354466853265625,299329029.05893,241574638.169038,1.103629999802619761329893583,1.141261078951312115317463081,0.999802
2025-09-04T00:00:00.000Z,1756944000,USDC,0x833589fCD6eDb6E08f4c7C32D4f71b54bdA02913,5.523367067729401,7.461668532787462,296115249.692629,243552244.053347,1.103466487046062068294879049,1.141029922118402132090620228,0.99990699
2025-09-03T00:00:00.000Z,1756857600,USDC,0x833589fCD6eDb6E08f4c7C32D4f71b54bdA02913,5.489689285975912,7.441912737693778,296319329.083986,242877430.414655,1.103299655965809544279951412,1.140796777604100368805998978,0.99982
2025-09-02T00:00:00.000Z,1756771200,USDC,0x833589fCD6eDb6E08f4c7C32D4f71b54bdA02913,5.404775018822872,7.391835139626742,290971749.306736,236395799.282623,1.103132659291993304529033547,1.140563531405467268154432205,0.9998317
2025-09-01T00:00:00.000Z,1756684800,USDC,0x833589fCD6eDb6E08f4c7C32D4f71b54bdA02913,5.654091291327366,7.53779800448515,281981147.823392,235018207.132564,1.102965790303233913165377165,1.140330449676160952391930623,0.99985541
2025-08-31T00:00:00.000Z,1756598400,USDC,0x833589fCD6eDb6E08f4c7C32D4f71b54bdA02913,5.69946277589284,7.564018312647673,276894823.025505,231824632.326884,1.102793406961717081918153211,1.140094065572315520397025954,0.99986827
2025-08-30T00:00:00.000Z,1756512000,USDC,0x833589fCD6eDb6E08f4c7C32D4f71b54bdA02913,5.711001940644868,7.570670452942514,273859581.155212,229545824.761707,1.102622264269385865465152802,1.139858448968611325465967982,0.99986633
2025-08-29T00:00:00.000Z,1756425600,USDC,0x833589fCD6eDb6E08f4c7C32D4f71b54bdA02913,5.767497052675165,7.603144021967346,271405032.434141,228757627.243203,1.102448704743130591937592865,1.139621428999910675508252617,0.9999211
2025-08-28T00:00:00.000Z,1756339200,USDC,0x833589fCD6eDb6E08f4c7C32D4f71b54bdA02913,5.509751041849058,7.45368837296544,277605540.797126,228009366.593803,1.102280163337309104141348041,1.139387455344975290901859223,0.99987137
2025-08-27T00:00:00.000Z,1756252800,USDC,0x833589fCD6eDb6E08f4c7C32D4f71b54bdA02913,5.648119706012513,7.534339331772326,273743126.312854,228016134.806577,1.102111465497018457495041079,1.139153395332713622149452364,0.99983518
2025-08-26T00:00:00.000Z,1756166400,USDC,0x833589fCD6eDb6E08f4c7C32D4f71b54bdA02913,5.496711151666865,7.446036779110335,272172653.762737,223247291.129058,1.101940449214229611815808277,1.138917999606326644067028098,0.9998684
2025-08-25T00:00:00.000Z,1756080000,USDC,0x833589fCD6eDb6E08f4c7C32D4f71b54bdA02913,5.669519020567355,7.5467253104153444,268354480.1589,224006444.905133,1.101770482889320479574607418,1.138683231347087502861141757,0.99980266
2025-08-24T00:00:00.000Z,1755993600,USDC,0x833589fCD6eDb6E08f4c7C32D4f71b54bdA02913,5.7934942128251485,7.618034742370981,262725915.579299,222005688.580344,1.101600055896361539249262945,1.138448231924001726946652585,0.99987018
2025-08-23T00:00:00.000Z,1755907200,USDC,0x833589fCD6eDb6E08f4c7C32D4f71b54bdA02913,5.986435009883328,7.727536647169043,258966835.43627,222914078.923514,1.101423536699486465734981558,1.138209682528150214390773664,1.0
2025-08-22T00:00:00.000Z,1755820800,USDC,0x833589fCD6eDb6E08f4c7C32D4f71b54bdA02913,6.095838375185922,7.788857136331736,252740456.973209,219784928.047328,1.10124035855216002888631598,1.137967246849977267946119412,0.99987
2025-08-21T00:00:00.000Z,1755734400,USDC,0x833589fCD6eDb6E08f4c7C32D4f71b54bdA02913,4.90250405034756,7.087374167436457,254702442.361757,195762628.425831,1.101076933708619974197009689,1.137736820800459343530158702,0.9999
2025-08-20T00:00:00.000Z,1755648000,USDC,0x833589fCD6eDb6E08f4c7C32D4f71b54bdA02913,4.692387365669117,6.955486976185715,256086287.085559,191965702.544763,1.100930834941087008367998331,1.137517092939354462941878724,0.99986734
2025-08-19T00:00:00.000Z,1755561600,USDC,0x833589fCD6eDb6E08f4c7C32D4f71b54bdA02913,4.6971534536718815,6.9585102738268985,255517808.184222,191647163.718283,1.100789384612440258919649328,1.137300399638564159468053715,0.99990809
2025-08-18T00:00:00.000Z,1755475200,USDC,0x833589fCD6eDb6E08f4c7C32D4f71b54bdA02913,4.922442403772796,7.099744022511395,254029140.777424,195696986.167036,1.10064367224281803488510823,1.137080946791467240132257,0.999881
2025-08-17T00:00:00.000Z,1755388800,USDC,0x833589fCD6eDb6E08f4c7C32D4f71b54bdA02913,4.873587910763725,7.069390562107936,253162030.874587,193922311.565979,1.100496785574469078682252572,1.136860802183717655105849269,0.99985081
2025-08-16T00:00:00.000Z,1755302400,USDC,0x833589fCD6eDb6E08f4c7C32D4f71b54bdA02913,4.804273818941216,7.0260684754030205,254799861.428072,193588250.541681,1.100351824516221437529277701,1.136641895993307428602329359,0.99985634
2025-08-15T00:00:00.000Z,1755216000,USDC,0x833589fCD6eDb6E08f4c7C32D4f71b54bdA02913,4.334375123054687,6.24703875864947,252437918.422842,194612566.607271,1.10021989220798209669929425,1.136444185902284073123436793,0.99986795
2025-08-14T00:00:00.000Z,1755129600,USDC,0x833589fCD6eDb6E08f4c7C32D4f71b54bdA02913,4.934321318637461,6.597529278892836,233597954.307957,194123838.272997,1.100073106625122139130183497,1.13624000542316427818806273,0.99973495
2025-08-13T00:00:00.000Z,1755043200,USDC,0x833589fCD6eDb6E08f4c7C32D4f71b54bdA02913,4.84768452979188,6.5482536185545115,228649439.587605,188080269.059376,1.099928015506439439727488003,1.136036714080816358173253535,0.99984839
2025-08-12T00:00:00.000Z,1754956800,USDC,0x833589fCD6eDb6E08f4c7C32D4f71b54bdA02913,4.8907012824886,6.572773168556549,221321269.706573,182982098.285748,1.099782099292663124294201715,1.135833089315352739265883846,0.99983377
2025-08-11T00:00:00.000Z,1754870400,USDC,0x833589fCD6eDb6E08f4c7C32D4f71b54bdA02913,4.549281173056812,6.3751555078960385,224323771.352935,177864642.143558,1.099637119667888392545349131,1.135629980480016208920123104,0.99986
2025-08-10T00:00:00.000Z,1754784000,USDC,0x833589fCD6eDb6E08f4c7C32D4f71b54bdA02913,4.690854006015238,6.457948368485914,221234959.633708,178556113.456446,1.099497649344542073199993572,1.13543017425622552619167901,0.99981192
2025-08-09T00:00:00.000Z,1754697600,USDC,0x833589fCD6eDb6E08f4c7C32D4f71b54bdA02913,4.721521785409897,6.475721842264755,221333977.744158,179311265.393712,1.099356855131802618158866047,1.135229613490957486048502176,0.99985276
2025-08-08T00:00:00.000Z,1754611200,USDC,0x833589fCD6eDb6E08f4c7C32D4f71b54bdA02913,4.561153814529822,6.382146535029625,222566039.17036,176738096.351712,1.099215283304444276567768618,1.135028581283992164281087377,0.99991422
2025-08-07T00:00:00.000Z,1754524800,USDC,0x833589fCD6eDb6E08f4c7C32D4f71b54bdA02913,5.045235398012492,6.660000392379752,206557378.146961,173864882.527141,1.09906872602150159855488626,1.134824647929948238260743252,0.99994119
2025-08-06T00:00:00.000Z,1754438400,USDC,0x833589fCD6eDb6E08f4c7C32D4f71b54bdA02913,5.160258686335165,6.724081223350381,198516201.274468,169276989.913771,1.098914142969961622722176463,1.134616044717083871536156119,0.9997798
2025-08-05T00:00:00.000Z,1754352000,USDC,0x833589fCD6eDb6E08f4c7C32D4f71b54bdA02913,5.299570203380226,6.800765470796382,194624954.696224,168517753.064497,1.098755659545919045151100077,1.134405260918189047219021884,0.99980149
2025-08-04T00:00:00.000Z,1754265600,USDC,0x833589fCD6eDb6E08f4c7C32D4f71b54bdA02913,5.318660206155125,6.811196424181157,192695448.309367,167191446.655035,1.098597736560669758187929745,1.134194851929892574399748721,0.9999
2025-08-03T00:00:00.000Z,1754179200,USDC,0x833589fCD6eDb6E08f4c7C32D4f71b54bdA02913,5.461031329583922,6.888418663970394,189306901.482028,166757238.357091,1.098437753086908367212042766,1.133983276294912051567179917,0.99988174
2025-08-02T00:00:00.000Z,1754092800,USDC,0x833589fCD6eDb6E08f4c7C32D4f71b54bdA02913,5.391177413379482,6.850654538093477,187061181.474104,163568123.644207,1.098278074623927381001390615,1.133771915577276262731080677,0.99982402
2025-08-01T00:00:00.000Z,1754006400,USDC,0x833589fCD6eDb6E08f4c7C32D4f71b54bdA02913,5.49021260205988,6.904124498466577,180245696.390132,159261872.807488,1.098115296194272210422749758,1.133558820889589698754431857,0.99991182
2025-07-31T00:00:00.000Z,1753920000,USDC,0x833589fCD6eDb6E08f4c7C32D4f71b54bdA02913,5.215632666282852,6.754681713807911,183446033.391305,157389441.662147,1.097957016720888451213895737,1.133348276493159303082343537,0.99991881
2025-07-30T00:00:00.000Z,1753833600,USDC,0x833589fCD6eDb6E08f4c7C32D4f71b54bdA02913,6.434018944469129,7.922922835107615,174039702.918755,157039856.517341,1.097790259792511711410393115,1.133132103146209112460908305,0.99986
2025-07-29T00:00:00.000Z,1753747200,USDC,0x833589fCD6eDb6E08f4c7C32D4f71b54bdA02913,5.609724477685882,6.968025244292586,172468029.131051,154278248.653617,1.097620165229659291455137431,1.132913483692890433762560496,0.99979929
2025-07-28T00:00:00.000Z,1753660800,USDC,0x833589fCD6eDb6E08f4c7C32D4f71b54bdA02913,5.080721066964005,6.39745443811902,171933720.348729,151719716.473319,1.097462823256375273632051378,1.132710885661898175404708952,0.99984704
2025-07-27T00:00:00.000Z,1753574400,USDC,0x833589fCD6eDb6E08f4c7C32D4f71b54bdA02913,5.084846630694111,6.3997701339713595,169264163.712386,149431240.006647,1.097309743266996290339057993,1.132512167329094940941308056,0.99995392
2025-07-26T00:00:00.000Z,1753488000,USDC,0x833589fCD6eDb6E08f4c7C32D4f71b54bdA02913,5.113195402862675,6.415657326557489,166446065.726565,147399754.775437,1.097155621805502813616322507,1.132312859986164699389743755,0.99989072
2025-07-25T00:00:00.000Z,1753401600,USDC,0x833589fCD6eDb6E08f4c7C32D4f71b54bdA02913,5.571621766983033,6.857451387564151,163704965.392932,147790407.48231,1.097006849514667458446448661,1.132122728611627802101628909,0.99992386
2025-07-24T00:00:00.000Z,1753315200,USDC,0x833589fCD6eDb6E08f4c7C32D4f71b54bdA02913,4.63981802855663,5.739318130187702,161559320.732617,145123548.321741,1.096847996977333836343218431,1.13192074105999696364497405,0.99997889
2025-07-23T00:00:00.000Z,1753228800,USDC,0x833589fCD6eDb6E08f4c7C32D4f71b54bdA02913,4.501143675648786,5.654823864338308,160016361.108842,141524583.986085,1.096712601359852414072333338,1.131744975587534142354466029,0.99986735
2025-07-22T00:00:00.000Z,1753142400,USDC,0x833589fCD6eDb6E08f4c7C32D4f71b54bdA02913,5.070500637994599,6.251175917662276,156816296.890715,141333945.430817,1.096573404602799734576827036,1.13156560905070977115174326,1.00001041
2025-07-21T00:00:00.000Z,1753056000,USDC,0x833589fCD6eDb6E08f4c7C32D4f71b54bdA02913,4.444737616234088,5.620083963119966,160873881.035087,141368726.9011,1.096431065307043820418007781,1.131382159521584273770410021,0.99989
2025-07-20T00:00:00.000Z,1752969600,USDC,0x833589fCD6eDb6E08f4c7C32D4f71b54bdA02913,4.3613177400922964,5.568300144965718,158868581.39963,138259519.759955,1.096296841422791375033244628,1.131207357200726379872386708,0.99987
2025-07-19T00:00:00.000Z,1752883200,USDC,0x833589fCD6eDb6E08f4c7C32D4f71b54bdA02913,4.463207059619334,5.631483246014929,156628969.740557,137930257.925258,1.09616502017473404236004885,1.131034429384529592046340523,0.99989177
2025-07-18T00:00:00.000Z,1752796800,USDC,0x833589fCD6eDb6E08f4c7C32D4f71b54bdA02913,4.314704988942955,5.539149069864655,156678565.120602,135606734.572663,1.09603105366488165946388547,1.130859983990688307453513004,0.99990263
2025-07-17T00:00:00.000Z,1752710400,USDC,0x833589fCD6eDb6E08f4c7C32D4f71b54bdA02913,4.3222329243537345,5.54386757081249,157275271.804886,136245154.477812,1.095900511240068426246645759,1.130687750749667892315550699,0.99988
2025-07-16T00:00:00.000Z,1752624000,USDC,0x833589fCD6eDb6E08f4c7C32D4f71b54bdA02913,4.316295551156468,5.540146379226975,155515316.22117,134625176.439613,1.095768071661917859720819052,1.130514302747930169639951546,0.9999598
2025-07-15T00:00:00.000Z,1752537600,USDC,0x833589fCD6eDb6E08f4c7C32D4f71b54bdA02913,4.111523620140458,5.410204185129157,157577397.400559,133059177.89792,1.095641842668251569809640711,1.130344904122385249826446111,0.9998779
2025-07-14T00:00:00.000Z,1752451200,USDC,0x833589fCD6eDb6E08f4c7C32D4f71b54bdA02913,3.857651854853668,5.244527540018608,160467756.071593,131149511.083341,1.095521010346874270368699613,1.130179121640245368148464852,0.99986
2025-07-13T00:00:00.000Z,1752364800,USDC,0x833589fCD6eDb6E08f4c7C32D4f71b54bdA02913,3.7217837725853418,5.153618198035857,161388952.680381,129501272.876604,1.095407604653351674956304659,1.130018313269642726079183204,0.99991
2025-07-12T00:00:00.000Z,1752278400,USDC,0x833589fCD6eDb6E08f4c7C32D4f71b54bdA02913,3.7555591333971865,5.176370106618617,159360317.93894,128467097.399015,1.095294168870581934750418997,1.129857622087261355117065307,0.99991955
2025-07-11T00:00:00.000Z,1752192000,USDC,0x833589fCD6eDb6E08f4c7C32D4f71b54bdA02913,3.8900678845428804,5.265979593360849,158481550.436938,130082933.613295,1.095181221044703658840848164,1.129697234314011855016615308,0.99993
2025-07-10T00:00:00.000Z,1752105600,USDC,0x833589fCD6eDb6E08f4c7C32D4f71b54bdA02913,3.763686777137672,5.181829808123598,158058905.323659,127559298.800372,1.095065894596551761896372356,1.129535211970107940673505361,0.9999
2025-07-09T00:00:00.000Z,1752019200,USDC,0x833589fCD6eDb6E08f4c7C32D4f71b54bdA02913,3.792836966462366,5.2013629809498925,158571497.223551,128479489.557391,1.094951985154449962540687953,1.129374163850496055433333454,0.99993226
2025-07-08T00:00:00.000Z,1751932800,USDC,0x833589fCD6eDb6E08f4c7C32D4f71b54bdA02913,3.772769634150966,5.1879241962064295,158843098.484606,128350234.203724,1.09483783342668184284159145,1.129212919120417852681626741,0.99992
2025-07-07T00:00:00.000Z,1751846400,USDC,0x833589fCD6eDb6E08f4c7C32D4f71b54bdA02913,3.672478120107783,5.120218663454226,159880241.681533,127417075.402924,1.094726435725096033925267276,1.129053706103320562576036627,0.99990148
2025-07-06T00:00:00.000Z,1751760000,USDC,0x833589fCD6eDb6E08f4c7C32D4f71b54bdA02913,3.6011971644650838,5.071534432501388,160732787.755836,126815718.136302,1.094617829746523978161989649,1.12889643882087673472369234,0.99988726
2025-07-05T00:00:00.000Z,1751673600,USDC,0x833589fCD6eDb6E08f4c7C32D4f71b54bdA02913,3.6228603597271594,5.086380726054804,160059598.277364,126673568.530881,1.094509805619320429830314049,1.128739545823996782849271626,0.99987988
2025-07-04T00:00:00.000Z,1751587200,USDC,0x833589fCD6eDb6E08f4c7C32D4f71b54bdA02913,3.715233647359656,5.149193953579885,159051101.191928,127510254.919399,1.094399734409450715995775956,1.128581239318676297228942025,0.99988828
2025-07-03T00:00:00.000Z,1751500800,USDC,0x833589fCD6eDb6E08f4c7C32D4f71b54bdA02913,3.4669867136238235,4.9785447999588275,163213829.565785,126289625.208147,1.094288490009975657225518248,1.128423933920217297386864642,1.0
2025-07-02T00:00:00.000Z,1751414400,USDC,0x833589fCD6eDb6E08f4c7C32D4f71b54bdA02913,3.487623377977283,4.992958775364173,163626557.964863,126994915.071703,1.094181139164675504377358292,1.128269374159865623754788669,0.99994
2025-07-01T00:00:00.000Z,1751328000,USDC,0x833589fCD6eDb6E08f4c7C32D4f71b54bdA02913,3.306109274466214,4.864675005039795,167203207.524422,126260859.999092,1.094077103362742529516315523,1.128115957615530522831059225,0.99988968
2025-06-30T00:00:00.000Z,1751241600,USDC,0x833589fCD6eDb6E08f4c7C32D4f71b54bdA02913,3.234560677442002,4.813144111574549,169296008.555063,126413607.921863,1.093977768370799597662363003,1.127966096860696591125163834,0.99988
2025-06-29T00:00:00.000Z,1751155200,USDC,0x833589fCD6eDb6E08f4c7C32D4f71b54bdA02913,3.1488012592365013,4.750621908157196,170811277.799556,125797476.911419,1.093881512036701422556385708,1.127818488189417214082886181,0.99987
2025-06-28T00:00:00.000Z,1751068800,USDC,0x833589fCD6eDb6E08f4c7C32D4f71b54bdA02913,2.9556661260377086,4.606625406818435,176958155.108883,126154914.196303,1.093788012804593075507922723,1.127672495343130610362107093,0.99990209
2025-06-27T00:00:00.000Z,1750982400,USDC,0x833589fCD6eDb6E08f4c7C32D4f71b54bdA02913,3.86680578256319,5.250594424054807,172591207.97349,141228998.172742,1.093675279042054812855284108,1.127512891791922109350460499,0.99989283
2025-06-26T00:00:00.000Z,1750896000,USDC,0x833589fCD6eDb6E08f4c7C32D4f71b54bdA02913,3.8724858194757696,5.254355356229141,172137712.614271,140963854.626509,1.093557544781816912545625431,1.127350752261108780020688578,0.99996
2025-06-25T00:00:00.000Z,1750809600,USDC,0x833589fCD6eDb6E08f4c7C32D4f71b54bdA02913,3.8941196901893593,5.2686546403839865,171744157.838817,141043439.013061,1.093439258318177724833739929,1.127187737880633301194965219,0.99986829
2025-06-24T00:00:00.000Z,1750723200,USDC,0x833589fCD6eDb6E08f4c7C32D4f71b54bdA02913,3.8870438687920736,5.263982128257714,173090473.708921,142016741.070214,1.093322010065838601404779804,1.127025681987233250237280879,0.99988944
Get live and historical data with Aavescan Pro